Название,Ссылка,Изображение
Электросамокат Ninebot KickScooter MAX G30LP,https://www.kvadroavto.ru//catalog/elektrosamokat_kickscooter_max_g30lp/,https://www.kvadroavto.ru//upload/iblock/ad8/ad80527661cecf9ef169fabf4cb1bfc3.jpg
Электросамокат Ninebot KickScooter Max G30,https://www.kvadroavto.ru//catalog/elektrosamokat_ninebot_kickscooter_max/,https://www.kvadroavto.ru//upload/iblock/471/4711649ecdfe123cac40eb81f0f26764.jpg
Электросамокат Ninebot KickScooter Max G30P,https://www.kvadroavto.ru//catalog/elektrosamokat_ninebot_kickscooter_max_g30p/,https://www.kvadroavto.ru//upload/iblock/532/5328327312636836a13470a7ff3b3fae.jpg
Электроскутер Ninebot Segway eScooter E110S,https://www.kvadroavto.ru//catalog/elektroskuter_ninebot_segway_escooter_e110s/,https://www.kvadroavto.ru//upload/iblock/338/338a049ec417cbe194534af366bdb8b5.jpg
Электросамокат Ninebot eKickScooter Zing E8 Синий,https://www.kvadroavto.ru//catalog/elektrosamokat_ninebot_by_segway_ekickscooter_e8_siniy/,https://www.kvadroavto.ru//upload/iblock/608/6085814980d10b580761c0d5b4fe1ad8.jpg
Электросамокат Ninebot KickScooter E45,https://www.kvadroavto.ru//catalog/elektrosamokat_ninebot_kickscooter_e45/,https://www.kvadroavto.ru//upload/iblock/044/0449c1d6dfb2d556ba40920bd81d32b6.jpg
Электросамокат Ninebot eKickScooter Zing E8 Розовый,https://www.kvadroavto.ru//catalog/elektrosamokat_ninebot_by_segway_ekickscooter_e8_rozovyy/,https://www.kvadroavto.ru//upload/iblock/cc7/cc78a4f07622b6bc241ca18094e7feab.jpg
Электросамокат Ninebot eKickScooter Zing E10,https://www.kvadroavto.ru//catalog/elektrosamokat_ninebot_ekickscooter_zing_e10/,https://www.kvadroavto.ru//upload/iblock/0e7/0e7c6d6386ca543ae5cc152022df80a1.png
Электросамокат Ninebot KickScooter Air T15,https://www.kvadroavto.ru//catalog/elektrosamokat_ninebot_electric_scooter_air_t15/,https://www.kvadroavto.ru//upload/iblock/2c4/2c462c1e6bb9da14967cdb8a67318216.jpg
Ninebot Segway SuperScooter GT1,https://www.kvadroavto.ru//catalog/ninebot_segway_superscooter_gt1/,https://www.kvadroavto.ru//upload/iblock/0d0/0d0189557da65273f393311b6e1d0ca8.jpg
Электросамокат Ninebot Kickscooter E25A,https://www.kvadroavto.ru//catalog/elektrosamokat_ninebot_kickscooter_e25a/,https://www.kvadroavto.ru//upload/iblock/014/014883c54f1d2cae4d0d89755be3f3da.jpg
Ninebot Gokart kit,https://www.kvadroavto.ru//catalog/ninebot_gokart_kit/,https://www.kvadroavto.ru//upload/iblock/4d0/4d0b9faaae95c3d3dfc076f668619656.png
Электросамокат Segway-Ninebot KickScooter E22,https://www.kvadroavto.ru//catalog/elektrosamokat_ninebot_e22/,https://www.kvadroavto.ru//upload/iblock/56e/56eb6ba2efebb348f46c519a11cbc642.jpg
Электросамокат Ninebot KickScooter F25E,https://www.kvadroavto.ru//catalog/elektrosamokat_ninebot_kickscooter_f25e/,https://www.kvadroavto.ru//upload/iblock/05f/05f1e0b7a6dac8a97c0cf7c50cd40b09.jpeg
Ninebot KickScooter C10,https://www.kvadroavto.ru//catalog/ninebot_kickscooter_c100/,https://www.kvadroavto.ru//upload/iblock/15c/15cb570c58826b5439517fb9e87c07f5.jpeg
Электросамокат Ninebot KickScooter A6,https://www.kvadroavto.ru//catalog/elektrosamokat_ninebot_kickscooter_a6/,https://www.kvadroavto.ru//upload/iblock/7b4/7b43d3a067450a68af60ab963d78998e.jpg
Сегвей Ninebot Mini Pro,https://www.kvadroavto.ru//catalog/siegwiej_ninebot_mini_pro/,https://www.kvadroavto.ru//upload/iblock/fe2/fe255a70c3060095a318d5720196f5f5.jpg
Электросамокат Ninebot KickScooter C20,https://www.kvadroavto.ru//catalog/elektrosamokat_ninebot_kickscooter_c20/,https://www.kvadroavto.ru//upload/iblock/74e/74e68d9a940df135fb096c695f202428.jpg
Моноколесо Ninebot One Z10,https://www.kvadroavto.ru//catalog/monokolieso_ninebot_one_z10/,https://www.kvadroavto.ru//upload/iblock/03d/03db629958db53863cc9c15ce5f92bab.jpg
Моноколесо Ninebot One S2,https://www.kvadroavto.ru//catalog/monokolieso_ninebot_one_s2/,https://www.kvadroavto.ru//upload/iblock/eae/eae9eb43e7b94fa196017e9090211bac.jpg
Ninebot KickScooter F30P,https://www.kvadroavto.ru//catalog/ninebot_kickscooter_f30p/,https://www.kvadroavto.ru//upload/iblock/49a/49a4e9a092f56ae522d88983cfd6b578.jpeg
Электросамокат Ninebot KickScooter F20A,https://www.kvadroavto.ru//catalog/elektrosamokat_ninebot_kickscooter_f20a/,https://www.kvadroavto.ru//upload/iblock/34c/34c466e300566329d0d9e0f2ba621b72.jpg
Электромопед Segway eScooter B110S,https://www.kvadroavto.ru//catalog/elektromoped_segway_escooter_b110s/,https://www.kvadroavto.ru//upload/iblock/7df/7df22d1c0e4d7ad2f44158108d7753ce.jpg
Электросамокат Ninebot KickScooter C8,https://www.kvadroavto.ru//catalog/elektrosamokat_ninebot_kickscooter_c8/,https://www.kvadroavto.ru//upload/iblock/81d/81d2b801c759215a1dab0d23907e241b.jpg
Электросамокат Ninebot KickScooter F30,https://www.kvadroavto.ru//catalog/elektrosamokat_ninebot_kickscooter_f30/,https://www.kvadroavto.ru//upload/iblock/fdc/fdcb8d964a504e989edfba12ce035bc8.jpg
Гироскутер S Pro(miniPRO) белый,https://www.kvadroavto.ru//catalog/giroskuter_s_pro_minipro_belyyy/,https://www.kvadroavto.ru//upload/iblock/c99/c99b2f5134c8553f9c376d579ca20c60.png
"Электрический Скутер HIMO T1, Серый",https://www.kvadroavto.ru//catalog/elektricheskiy_skuter_himo_t1_seryy/,https://www.kvadroavto.ru//upload/iblock/4e7/4e71b2aab5f0ffcf30fc2811df4cb063.jpg
Ninebot GoKart Pro,https://www.kvadroavto.ru//catalog/elektrokart_ninebot_gokart_pro/,https://www.kvadroavto.ru//upload/iblock/fc2/fc2305e8b7bd83db6284229047a18e12.png
Электрокарт Ninebot GoKart Pro Lamborghini Edition,https://www.kvadroavto.ru//catalog/elektrokart_ninebot_gokart_pro_lamborghini_edition/,https://www.kvadroavto.ru//upload/iblock/d7d/d7d9edd49a25bc0693121e4a8b0e05ce.jpg
Электросамокат Ninebot KickScooter ES1L,https://www.kvadroavto.ru//catalog/elektrosamokat_ninebot_kickscooter_es1l/,https://www.kvadroavto.ru//upload/iblock/4d3/4d3bdacf7a33b80742df7dac16667651.jpg
Электросамокат X-raider Full Drive 3600,https://www.kvadroavto.ru//catalog/eliektrosamokat_x-raider_full_drive_3600/,https://www.kvadroavto.ru//upload/iblock/d01/d012133dc0bb8053f639732cbd375f12.jpg
Электросамокат Xiaomi Mijia 365 Electric Scooter Pro,https://www.kvadroavto.ru//catalog/eliektrosamokat_xiaomi_m365_electric_scooter_pro/,https://www.kvadroavto.ru//upload/iblock/809/809409100a51d9b50275fcdb89fd11ce.jpg
Электросамокат Dualtron X,https://www.kvadroavto.ru//catalog/eliektrosamokat_dualtron_x/,https://www.kvadroavto.ru//upload/iblock/093/0936f7c8af6c5c0c1a6827aa1217a4c3.jpg
Электросамокат Ninebot Kickscooter E25,https://www.kvadroavto.ru//catalog/elektrosamokat_ninebot_kickscooter_e25/,https://www.kvadroavto.ru//upload/iblock/7fd/7fd5e250b9389a0ed93773f72053e163.jpg
"Электрический Скутер HIMO T1, Красный",https://www.kvadroavto.ru//catalog/elektricheskiy_skuter_himo_t1_krasnyy/,https://www.kvadroavto.ru//upload/iblock/a77/a77885088b3b138904ab42726f58da4f.jpg
Робот Segway Ninebot Robotics Loomo,https://www.kvadroavto.ru//catalog/robot_segway_ninebot_robotics_loomo/,https://www.kvadroavto.ru//upload/iblock/5d8/5d865168d4d2201e27e27ed5d77ebd16.jpg
Роликовые коньки Segway e-Skates Drift W1,https://www.kvadroavto.ru//catalog/rolikovye_konki_segway_e_skates_drift_w1/,https://www.kvadroavto.ru//upload/iblock/aa8/aa83215f165cc93fd5de402387bb5398.jpg
Детский Электроскутер Vespa Scooter Ride-On,https://www.kvadroavto.ru//catalog/detskiy_elektroskuter_vespa_scooter_ride_on/,https://www.kvadroavto.ru//upload/iblock/d11/d11f6604056db80964fc54fbc85ab1f6.jpg
Электроролики Ninebot Segway Drift W1,https://www.kvadroavto.ru//catalog/eliektroroliki_ninebot_segway_drift_w1/,https://www.kvadroavto.ru//upload/iblock/797/7973bcef45d2a78396f0793de53fca64.jpg
Электробайк E Customs Bike 1500W (60V/12Ah),https://www.kvadroavto.ru//catalog/eliektrobajk_e_customs_bike_60v_12a_1500w/,https://www.kvadroavto.ru//upload/iblock/bbc/bbc581fabc8f5599e7b476c6c22eaf87.jpg
Электросамокат Ninebot Kickscooter ES2,https://www.kvadroavto.ru//catalog/xiaomi_ninebot_by_segway_kickscooter_es2/,https://www.kvadroavto.ru//upload/iblock/eb4/eb40961d6bbada07aab2bfca5edfb6c2.jpg
Электросамокат X-raider tourist,https://www.kvadroavto.ru//catalog/eliektrosamokat_x-raider_tourist/,https://www.kvadroavto.ru//upload/iblock/6a9/6a978d6f901fde51ea958f9419310201.jpg
Электросамокат Xiaomi Mijia Electric Scooter M365 черный,https://www.kvadroavto.ru//catalog/eliektrosamokat_xiaomi_mijia_electric_scooter_m365/,https://www.kvadroavto.ru//upload/iblock/74e/74e9668d7e78eb93fb97de0d6f4cbe98.jpg
Электроскутер Harley Scooter H6 1500W (60V/20Ah),https://www.kvadroavto.ru//catalog/eliektroskutier_harley_scooter_h6_1500w_60v20ah/,https://www.kvadroavto.ru//upload/iblock/b86/b863a94ecf29e582d6ca6201feba175e.jpg
Гироскутер Segway S plus white,https://www.kvadroavto.ru//catalog/giroskuter_segway_s_plus_white/,https://www.kvadroavto.ru//upload/iblock/cc5/cc5272c30605597a00bee1ded2689375.png
Электротрицикл Segway SE-3 Patroller,https://www.kvadroavto.ru//catalog/eliektrotricikl_segway_se-3_patroller/,https://www.kvadroavto.ru//upload/iblock/365/3656a75bf535e68c3d01bf0d189bd779.jpg
Электросамокат X-raider Full Drive 2400,https://www.kvadroavto.ru//catalog/eliektrosamokat_x-raider_full_drive_2400/,https://www.kvadroavto.ru//upload/iblock/aa7/aa725fba877c1f769d7d1ced74b06619.jpg
Электроскутер Xiaomi Ninebot E200,https://www.kvadroavto.ru//catalog/elektroskuter_xiaomi_ninebot_e200/,https://www.kvadroavto.ru//upload/iblock/82c/82cbb6fe5ed459a2e036bbd2e8ba2329.jpg
Электросамокат Xiaomi Mijia Electric Scooter M187,https://www.kvadroavto.ru//catalog/eliektrosamokat_xiaomi_mijia_electric_scooter_m187/,https://www.kvadroavto.ru//upload/iblock/60d/60ddf5ab0ca9e54511a91d69f961663f.jpg
Электросамокат ARTWAY Х20,https://www.kvadroavto.ru//catalog/elektrosamokat_artway_kh20/,https://www.kvadroavto.ru//upload/iblock/6d3/6d3dcf35ed5195aff5f752865e8e7981.jpg
Сегвей Ninebot E+,https://www.kvadroavto.ru//catalog/siegwiej_ninebot_e/,https://www.kvadroavto.ru//upload/iblock/52e/52e8c659a257046c29fe5e513c983580.jpg
Электросамокат ARTWAY Х10,https://www.kvadroavto.ru//catalog/elektrosamokat_artway_kh10/,https://www.kvadroavto.ru//upload/iblock/b99/b99b1728094ee1b9728bc2aefd796f8d.jpg
Электроскутер Soprt 350,https://www.kvadroavto.ru//catalog/eliektroskutier_soprt_350/,https://www.kvadroavto.ru//upload/iblock/f84/f84818d4352834c6c914630ea0b32cf6.jpg
Электросамокат Xiaomi QiCycle EUNi Electric Scooter,https://www.kvadroavto.ru//catalog/eliektrosamokat_xiaomi_qicycle_euni_electric_scooter/,https://www.kvadroavto.ru//upload/iblock/a96/a96a02c34e951c57eca9a107e3a664b3.jpg
Электроскутер Xiaomi Ninebot E80C,https://www.kvadroavto.ru//catalog/elektroskuter_xiaomi_ninebot_e80c/,https://www.kvadroavto.ru//upload/iblock/a73/a738b9278d67f7a382c0ae35954bdcaf.jpg
Электросамокат ARTWAY AM 6.0,https://www.kvadroavto.ru//catalog/elektrosamokat_artway_am_6_0/,https://www.kvadroavto.ru//upload/iblock/95d/95dd249f2791305b780ecfac5d29c458.jpg
Электросамокат JACKHOT,https://www.kvadroavto.ru//catalog/eliektrosamokat_jackhot/,https://www.kvadroavto.ru//upload/iblock/97d/97d183674d46d34910a36d171a747fb9.jpg
Электросамокат ARTWAY AS 2410,https://www.kvadroavto.ru//catalog/elektrosamokat_artway_as_2410/,https://www.kvadroavto.ru//upload/iblock/faa/faaeecf2d7c48fe76330783c75098186.jpg
Моноколесо Ninebot One A1,https://www.kvadroavto.ru//catalog/monokolieso_ninebot_one_a1/,https://www.kvadroavto.ru//upload/iblock/d4a/d4a5a01c1f1c7ce894e33c2221884eb3.jpg
Сигвей х2 SE Military Camo,https://www.kvadroavto.ru//catalog/sigwiej_ch2_se_military_camo/,https://www.kvadroavto.ru//upload/iblock/39b/39ba540c93ff3ed0985be32c33541a39.jpg
Электросамокат Icon Kick Scooter XT,https://www.kvadroavto.ru//catalog/eliektrosamokat_icon_bit_kick_scooter_xt/,https://www.kvadroavto.ru//upload/iblock/8ca/8ca977beed7019f623ada01903dfeb85.jpg
Электросамокат Ninebot KickScooter ES4,https://www.kvadroavto.ru//catalog/eliektrosamokat_ninebot_kickscooter_es4/,https://www.kvadroavto.ru//upload/iblock/67d/67d323fce20e7f53f0945cd329e2210d.jpg
Сегвей Segway x2 SE,https://www.kvadroavto.ru//catalog/siegwiej_segway_x2_se/,https://www.kvadroavto.ru//upload/iblock/c55/c55129c61ddfec92f98a305d05ff97f5.jpg
Электроскутер Harley Three Wheel 1000W (60V/12Ah),https://www.kvadroavto.ru//catalog/eliektroskutier_harley_three_wheel_1000w_60v12ah/,https://www.kvadroavto.ru//upload/iblock/b31/b31f81d749845c3c28e2dcfdb13562d1.jpg
Электросамокат X-raider Full Drive 1600,https://www.kvadroavto.ru//catalog/eliektrosamokat_x-raider_full_drive_1600/,https://www.kvadroavto.ru//upload/iblock/e93/e938ef3f23a3538765e5170bfd701613.jpg
Электроскутер Harley Scooter H2 1500W (60V/20Ah),https://www.kvadroavto.ru//catalog/eliektroskutier_harley_scooter_h2_1500w_60v20ah/,https://www.kvadroavto.ru//upload/iblock/0ad/0ad4a70dff8831a8e9588e2e20a3cdcb.jpg
Электробайк E Customs Bike 2000W (60V/20Ah),https://www.kvadroavto.ru//catalog/eliektrobajk_e_customs_bike_2000w_60v12ah/,https://www.kvadroavto.ru//upload/iblock/8ef/8efc91d220a56e1e85cd56153142cc8f.jpg
Электроскутер Harley Scooter H8P 1000W (60V/12Ah),https://www.kvadroavto.ru//catalog/eliektroskutier_harley_scooter_h8p_1000w_60v12ah/,https://www.kvadroavto.ru//upload/iblock/e67/e678f5329a9c0b972b5a76e7f4b7979a.jpg
Электросамокат HIPER Triumph,https://www.kvadroavto.ru//catalog/eliektrosamokat_hiper_triumph/,https://www.kvadroavto.ru//upload/iblock/060/060f49e153379a0a99b1ccc37007b5d7.jpg
Электроскутер Harley mini-2 600W (48V/8Ah),https://www.kvadroavto.ru//catalog/eliektroskutier_harley_mini-2_600w_48v8ah/,https://www.kvadroavto.ru//upload/iblock/bb9/bb9d109395ee3ed69d05a062831b34a6.jpg
Электросамокат Xiaomi Mijia Electric Scooter M365 (+комплект покрышек),https://www.kvadroavto.ru//catalog/eliektrosamokat_xiaomi_mijia_electric_scooter_m365_kompliekt_pokryshiek/,https://www.kvadroavto.ru//upload/iblock/b89/b8983f6bc78732f7142457932dd30de2.jpg
Гироскутер Hoverbot C-4,https://www.kvadroavto.ru//catalog/giroskuter_hoverbot_c_4/,https://www.kvadroavto.ru//upload/iblock/2f8/2f8435877b7a61bc12768e7e0f1dc946.jpg
"Ховеркарт для гироскутера 6,5'",https://www.kvadroavto.ru//catalog/hoverkart_dlya_giroskutera_6_5/,https://www.kvadroavto.ru//upload/iblock/639/6393dba5703a361875c87073fc62c68a.jpg
Сегвей Ninebot miniLITE,https://www.kvadroavto.ru//catalog/siegwiej_ninebot_minilite/,https://www.kvadroavto.ru//upload/iblock/a70/a705e4888865947fa888bf9d222aa4c2.jpg
Электроскутер Harley Scooter H8 1000W (60V/12Ah),https://www.kvadroavto.ru//catalog/eliektroskutier_harley_scooter_h8_1000w_60v12ah/,https://www.kvadroavto.ru//upload/iblock/dd4/dd4a7d85290420916e9b2fcec5418f31.jpg
Электросамокат Xiaomi Mi Electric Scooter 1S,https://www.kvadroavto.ru//catalog/elektrosamokat_xiaomi_mi_electric_scooter_1s/,https://www.kvadroavto.ru//upload/iblock/69d/69dc6c20a681d96f804f612df6bf0a37.jpg
Электросамокат ARTWAY AM 2478,https://www.kvadroavto.ru//catalog/elektrosamokat_artway_am_2478/,https://www.kvadroavto.ru//upload/iblock/f0f/f0fbe9754d3f8d042d9f2352a1022f30.jpg
Электросамокат ARTWAY AM 4.0,https://www.kvadroavto.ru//catalog/elektrosamokat_artway_am_4_0/,https://www.kvadroavto.ru//upload/iblock/e42/e427dc544e9972da87c8eae5e5f79d76.jpg
Сегвей Segway i2 SE,https://www.kvadroavto.ru//catalog/siegwiej_segway_i2_se/,https://www.kvadroavto.ru//upload/iblock/a63/a63d65c33bae9217a733ca3b67662af3.jpg
Электросамокат Artway AM-2478,https://www.kvadroavto.ru//catalog/eliektrosamokat_artway_am_2478/,https://www.kvadroavto.ru//upload/iblock/947/94756b38eae7748d1a94aead5ef0d6fd.jpg
Электроскутер Harley Scooter H7 1500W (60V/12Ah),https://www.kvadroavto.ru//catalog/eliektroskutier_harley_scooter_h7_1500w_60v12ah/,https://www.kvadroavto.ru//upload/iblock/108/108451e0dd1f11ae81423ab4d14a080d.jpg
Моноколесо Ninebot One Z8,https://www.kvadroavto.ru//catalog/monokolieso_ninebot_one_z8/,https://www.kvadroavto.ru//upload/iblock/151/151f6ef65168016ded2db0f4a52ac103.jpg
Электросамокат Ninebot Kickscooter ES1,https://www.kvadroavto.ru//catalog/eliektrosamokat_ninebot_kickscooter_es1/,https://www.kvadroavto.ru//upload/iblock/fee/fee630682d9277773140b4e402283f6b.jpg
Электроскутер Harley Scooter H8P 1500W (60V/20Ah),https://www.kvadroavto.ru//catalog/eliektroskutier_harley_scooter_h8p_1500w_60v20ah/,https://www.kvadroavto.ru//upload/iblock/210/210b5db920b397bddbe2ec008bd95246.jpg
Моноколесо Ninebot One Z6,https://www.kvadroavto.ru//catalog/monokolieso_ninebot_one_z6/,https://www.kvadroavto.ru//upload/iblock/1b8/1b807d9f619553b36d5193c631f3e15a.jpg
Электроскутер Xiaomi Ninebot E90,https://www.kvadroavto.ru//catalog/elektroskuter_xiaomi_ninebot_e90/,https://www.kvadroavto.ru//upload/iblock/2eb/2ebaf929620ac8939599ca2e8f365cb3.jpg
Электросамокат ARTWAY Х9,https://www.kvadroavto.ru//catalog/elektrosamokat_artway_kh9/,https://www.kvadroavto.ru//upload/iblock/85e/85e8b51584a93f198dd918fa4d58343f.jpg
Сегвей Ninebot mini PLUS,https://www.kvadroavto.ru//catalog/siegwiej_ninebot_mini_plus/,https://www.kvadroavto.ru//upload/iblock/b2d/b2d9cbc1109c5e31aa42856d260482a3.jpg
Электросамокат ARTWAY AM 7.8,https://www.kvadroavto.ru//catalog/elektrosamokat_artway_am_7_8/,https://www.kvadroavto.ru//upload/iblock/ad1/ad18205326b90591c9fa7d8d3fd39866.jpg
Электроскутер Harley Scooter H1 1000W (60V/12Ah),https://www.kvadroavto.ru//catalog/eliektroskutier_harley_scooter_h1_1000w_60v12ah/,https://www.kvadroavto.ru//upload/iblock/549/5490a8765f2d41d7d1ba6f6636e6fc55.jpg
Электросамокат HIPER VX500,https://www.kvadroavto.ru//catalog/eliektrosamokat_hiper_vx500/,https://www.kvadroavto.ru//upload/iblock/646/646b11e22f55cb3c72c8f3cda4179b4a.jpg
Электроскутер Harley Scooter H10 2000W (60V/40Ah),https://www.kvadroavto.ru//catalog/eliektroskutier_harley_scooter_h10_2000w_60v40ah/,https://www.kvadroavto.ru//upload/iblock/cd0/cd0d787e0178abce84adfb8c5c497db3.jpg
Электросамокат Hoverbot F-7 PREMIUM,https://www.kvadroavto.ru//catalog/elektrosamokat_hoverbot_f_7_premium/,https://www.kvadroavto.ru//upload/iblock/b50/b5069003224b4ac24428a91b4cb2611b.jpg
Детские гироскутер Hoverbot K-3,https://www.kvadroavto.ru//catalog/giroskuter_hoverbot_k_3/,https://www.kvadroavto.ru//upload/iblock/e48/e48ac307241dfb9dd501dbdb92b73dd5.jpg
Гироскутер Hoverbot B-10 PREMIUM,https://www.kvadroavto.ru//catalog/giroskuter_hoverbot_b_10_premium/,https://www.kvadroavto.ru//upload/iblock/487/48791ed4b00d6f55921399dd4f41702d.jpg
Электросамокат Hiper RX100,https://www.kvadroavto.ru//catalog/eliektrosamokat_hiper_rx100/,https://www.kvadroavto.ru//upload/iblock/49e/49e8459d3408bceadcac2b0d45d02bee.jpg
Сегвей Hoverbot mini,https://www.kvadroavto.ru//catalog/segvey_hoverbot_mini/,https://www.kvadroavto.ru//upload/iblock/0e8/0e80b306a0039ea2db92e93fe7904f0b.jpg
Электроскутер Hoverbot iTank,https://www.kvadroavto.ru//catalog/hoverbot_itank/,https://www.kvadroavto.ru//upload/iblock/b3a/b3acb8b80c10feeb0c17fe0e828ab348.jpg
Электробайк E Customs Bike 1500W (60V/20Ah),https://www.kvadroavto.ru//catalog/eliektrobajk_e_customs_bike_1500w_60v20ah/,https://www.kvadroavto.ru//upload/iblock/3b5/3b5c0725b315865b449346dababbffed.jpg
Электроскутер Harley Three Wheel 1500W (60V/20Ah),https://www.kvadroavto.ru//catalog/eliektroskutier_harley_three_wheel_1500w_60v20ah/,https://www.kvadroavto.ru//upload/iblock/ec3/ec3a9a658334f6e07942a66e445968f5.jpg
Электроскутер Harley Scooter H5 1000W (60V/12Ah),https://www.kvadroavto.ru//catalog/eliektroskutier_harley_scooter_h5_1000w_60v12ah/,https://www.kvadroavto.ru//upload/iblock/f0f/f0f334fc2d14831d9d9d32c2c910cf9d.jpg
Электросамокат ARTWAY AM 2444,https://www.kvadroavto.ru//catalog/elektrosamokat_artway_am_2444/,https://www.kvadroavto.ru//upload/iblock/781/78156a457ef18c9d19a6a94a0ac7ae97.jpg
Сигвей i2 SE Commuter,https://www.kvadroavto.ru//catalog/sigwiej_i2_se_commuter/,https://www.kvadroavto.ru//upload/iblock/226/226a609e84d45fa78327f7f85334a396.jpg
Электроскутер Xiaomi Ninebot E100,https://www.kvadroavto.ru//catalog/elektroskuter_xiaomi_ninebot_e100/,https://www.kvadroavto.ru//upload/iblock/7c4/7c40328906f090e6169f1cbc3d98bd55.jpg
Сегвей Segway i2 SE Military Camo,https://www.kvadroavto.ru//catalog/siegwiej_segway_i2_se_military_camo/,https://www.kvadroavto.ru//upload/iblock/4e4/4e449db7edf0c59138a8b13d66ab78d8.png
Электроскутер Harley Scooter H1 1500W (60V/20Ah),https://www.kvadroavto.ru//catalog/eliektroskutier_harley_scooter_h1_1500w_60v20ah/,https://www.kvadroavto.ru//upload/iblock/c54/c54620460393104f5ae0ba03562be923.jpg
Электроскутер Harley Scooter H6 1000W (60V/12Ah),https://www.kvadroavto.ru//catalog/eliektroskutier_harley_scooter_h6_1000w_60v12ah/,https://www.kvadroavto.ru//upload/iblock/cae/cae2f023af6369223f058f30d1fd5615.jpg
Электроскутер Harley Scooter H8X 1000W (60V/12Ah),https://www.kvadroavto.ru//catalog/eliektroskutier_harley_scooter_h8x_1000w_60v12ah/,https://www.kvadroavto.ru//upload/iblock/9d2/9d275deffdf921c915feb6776a911949.jpg
Сигвей x2 SE Commuter,https://www.kvadroavto.ru//catalog/sigwiej_x2_se_commuter/,https://www.kvadroavto.ru//upload/iblock/ef8/ef8cd7d4e58c14d2e2644532c5fe7ae5.jpg
Электроскутер Harley Scooter H8X 1500W (60V/20Ah),https://www.kvadroavto.ru//catalog/eliektroskutier_harley_scooter_h8x_1500w_60v20ah/,https://www.kvadroavto.ru//upload/iblock/024/0246e77066d0f9507c4d3ea8d2145208.jpg
Сигвей х2 SE Adventure,https://www.kvadroavto.ru//catalog/sigwiej_ch2_se_adventure/,https://www.kvadroavto.ru//upload/iblock/0fb/0fbf0f9268d82593394beb9203bf2186.jpg
Электроскутер Harley Scooter H10 1500W (60V/12Ah),https://www.kvadroavto.ru//catalog/eliektroskutier_harley_scooter_h10_1500w_60v12ah/,https://www.kvadroavto.ru//upload/iblock/764/764405317ce96aed3e1a8d6f059fd7e1.jpg
Электросамокат HIPER VX800,https://www.kvadroavto.ru//catalog/eliektrosamokat_hiper_vx800/,https://www.kvadroavto.ru//upload/iblock/b81/b81d5d3e17da15b5d4bfab5439b611e3.jpg
Электроскутер Harley Scooter H5 1500W (60V/20Ah),https://www.kvadroavto.ru//catalog/eliektroskutier_harley_scooter_h5_1500w_60v20ah/,https://www.kvadroavto.ru//upload/iblock/586/5863d86af4ba36de47279c378f2fce45.jpg
Электроскутер Harley mini-2 600W (48V/12Ah),https://www.kvadroavto.ru//catalog/eliektroskutier_harley_mini-2_600w_48v12ah/,https://www.kvadroavto.ru//upload/iblock/812/812198ba43cfa40631d673373dc09abb.jpg
Сигвей i2 SE Commercial Cargo,https://www.kvadroavto.ru//catalog/sigwiej_i2_se_commercial_cargo/,https://www.kvadroavto.ru//upload/iblock/8d0/8d0bd4c553620b1dab48e944b4e35c29.png
Электроскутер Harley Scooter H11 1500W (60V/12Ah),https://www.kvadroavto.ru//catalog/eliektroskutier_harley_scooter_h11_1500w_60v12ah/,https://www.kvadroavto.ru//upload/iblock/6ec/6ec50b80180da0c912cfe8419c5db7a6.jpg
Электроскутер Harley Scooter H7 1500W (60V/20Ah),https://www.kvadroavto.ru//catalog/eliektroskutier_harley_scooter_h7_1500w_60v20ah/,https://www.kvadroavto.ru//upload/iblock/ae4/ae4c66c91f3b5815cd7b82e2b3d0ed7e.jpg
Электроскутер Harley Scooter H11 2000W (60V/20Ah),https://www.kvadroavto.ru//catalog/eliektroskutier_harley_scooter_h11_2000w_60v20ah/,https://www.kvadroavto.ru//upload/iblock/aa2/aa2604916cea2642deb27d62d536f42e.jpg
Электроскутер Harley Scooter H10 1500W (60V/20Ah),https://www.kvadroavto.ru//catalog/eliektroskutier_harley_scooter_h10_1500w_60v20ah/,https://www.kvadroavto.ru//upload/iblock/04d/04d0ddd8293f7e41a39afcccd18b9e9d.jpg
Электроскутер Harley Scooter H13 1500W (60V/20Ah),https://www.kvadroavto.ru//catalog/eliektroskutier_harley_scooter_h13_1500w_60v20ah/,https://www.kvadroavto.ru//upload/iblock/9fb/9fb0c7b424e7dce5a942c1a072df9038.jpg
Электроскутер Harley Scooter H7 2000W (60V/20Ah),https://www.kvadroavto.ru//catalog/eliektroskutier_harley_scooter_h7_2000w_60v20ah/,https://www.kvadroavto.ru//upload/iblock/d04/d04a9d9db4fa8eb0218fe680926b6122.jpg
Электроскутер Harley Scooter H8 1500W (60V/20Ah),https://www.kvadroavto.ru//catalog/eliektroskutier_harley_scooter_h8_1500w_60v20ah/,https://www.kvadroavto.ru//upload/iblock/333/333ba4d0fe9620b367237fa30d2d7c6b.jpg
Электроскутер Harley Scooter H2 1000W (60V/12Ah),https://www.kvadroavto.ru//catalog/eliektroskutier_harley_scooter_h2_1000w_60v12ah/,https://www.kvadroavto.ru//upload/iblock/038/0388545194230457eff2cd6066a61f46.jpg
Электроскутер Harley Scooter H11 1500W (60V/20Ah),https://www.kvadroavto.ru//catalog/eliektroskutier_harley_scooter_h11_1500w_60v20ah/,https://www.kvadroavto.ru//upload/iblock/19a/19acf253c759907fc53b2ded2e9d2c57.jpg
Электроскутер Harley Scooter H13 1000W (60V/12Ah),https://www.kvadroavto.ru//catalog/eliektroskutier_harley_scooter_h13_1000w_60v12ah/,https://www.kvadroavto.ru//upload/iblock/a88/a88d600973a6501f31ca2b0cc82c43a0.jpg
